<TextureAtlas imagePath="sheet.png">
	<SubTexture name="red_boxCheckmark.png" x="380" y="0" width="38" height="36"/>
	<SubTexture name="red_boxCross.png" x="380" y="36" width="38" height="36"/>
	<SubTexture name="red_boxTick.png" x="386" y="178" width="36" height="36"/>
	<SubTexture name="red_button00.png" x="0" y="0" width="190" height="45"/>
	<SubTexture name="red_button01.png" x="0" y="45" width="190" height="49"/>
	<SubTexture name="red_button02.png" x="0" y="94" width="190" height="45"/>
	<SubTexture name="red_button03.png" x="337" y="188" width="49" height="49"/>
	<SubTexture name="red_button04.png" x="339" y="98" width="49" height="49"/>
	<SubTexture name="red_button05.png" x="290" y="98" width="49" height="45"/>
	<SubTexture name="red_button06.png" x="288" y="198" width="49" height="49"/>
	<SubTexture name="red_button07.png" x="290" y="143" width="49" height="45"/>
	<SubTexture name="red_button08.png" x="239" y="198" width="49" height="49"/>
	<SubTexture name="red_button09.png" x="190" y="198" width="49" height="45"/>
	<SubTexture name="red_button10.png" x="190" y="49" width="190" height="49"/>
	<SubTexture name="red_button11.png" x="190" y="0" width="190" height="49"/>
	<SubTexture name="red_button12.png" x="0" y="188" width="190" height="45"/>
	<SubTexture name="red_button13.png" x="0" y="139" width="190" height="49"/>
	<SubTexture name="red_checkmark.png" x="0" y="233" width="21" height="20"/>
	<SubTexture name="red_circle.png" x="386" y="214" width="36" height="36"/>
	<SubTexture name="red_cross.png" x="21" y="233" width="18" height="18"/>
	<SubTexture name="red_panel.png" x="190" y="98" width="100" height="100"/>
	<SubTexture name="red_sliderDown.png" x="388" y="72" width="28" height="42"/>
	<SubTexture name="red_sliderLeft.png" x="339" y="147" width="39" height="31"/>
	<SubTexture name="red_sliderRight.png" x="378" y="147" width="39" height="31"/>
	<SubTexture name="red_sliderUp.png" x="416" y="72" width="28" height="42"/>
	<SubTexture name="red_tick.png" x="39" y="233" width="17" height="17"/>
</TextureAtlas>