<TextureAtlas imagePath="sheet.png">
	<SubTexture name="barHorizontal_blue_left.png" x="400" y="78" width="6" height="26"/>
	<SubTexture name="barHorizontal_blue_mid.png" x="388" y="420" width="16" height="26"/>
	<SubTexture name="barHorizontal_blue_right.png" x="400" y="0" width="6" height="26"/>
	<SubTexture name="barHorizontal_green_left.png" x="400" y="104" width="6" height="26"/>
	<SubTexture name="barHorizontal_green_mid.png" x="386" y="366" width="16" height="26"/>
	<SubTexture name="barHorizontal_green_right.png" x="400" y="26" width="6" height="26"/>
	<SubTexture name="barHorizontal_red_left.png" x="400" y="130" width="6" height="26"/>
	<SubTexture name="barHorizontal_red_mid.png" x="386" y="340" width="16" height="26"/>
	<SubTexture name="barHorizontal_red_right.png" x="400" y="156" width="6" height="26"/>
	<SubTexture name="barHorizontal_shadow_left.png" x="400" y="182" width="6" height="26"/>
	<SubTexture name="barHorizontal_shadow_mid.png" x="386" y="314" width="16" height="26"/>
	<SubTexture name="barHorizontal_shadow_right.png" x="400" y="208" width="6" height="26"/>
	<SubTexture name="barHorizontal_white_left.png" x="402" y="314" width="6" height="26"/>
	<SubTexture name="barHorizontal_white_mid.png" x="399" y="236" width="16" height="26"/>
	<SubTexture name="barHorizontal_white_right.png" x="402" y="366" width="6" height="26"/>
	<SubTexture name="barHorizontal_yellow_left.png" x="400" y="52" width="6" height="26"/>
	<SubTexture name="barHorizontal_yellow_mid.png" x="399" y="262" width="16" height="26"/>
	<SubTexture name="barHorizontal_yellow_right.png" x="402" y="340" width="6" height="26"/>
	<SubTexture name="barVertical_blue_bottom.png" x="26" y="500" width="26" height="6"/>
	<SubTexture name="barVertical_blue_mid.png" x="336" y="322" width="26" height="16"/>
	<SubTexture name="barVertical_blue_top.png" x="104" y="506" width="26" height="6"/>
	<SubTexture name="barVertical_green_bottom.png" x="130" y="506" width="26" height="6"/>
	<SubTexture name="barVertical_green_mid.png" x="336" y="370" width="26" height="16"/>
	<SubTexture name="barVertical_green_top.png" x="78" y="506" width="26" height="6"/>
	<SubTexture name="barVertical_red_bottom.png" x="130" y="500" width="26" height="6"/>
	<SubTexture name="barVertical_red_mid.png" x="336" y="386" width="26" height="16"/>
	<SubTexture name="barVertical_red_top.png" x="0" y="506" width="26" height="6"/>
	<SubTexture name="barVertical_shadow_bottom.png" x="104" y="500" width="26" height="6"/>
	<SubTexture name="barVertical_shadow_mid.png" x="386" y="314" width="16" height="26"/>
	<SubTexture name="barVertical_shadow_top.png" x="0" y="500" width="26" height="6"/>
	<SubTexture name="barVertical_white_bottom.png" x="26" y="506" width="26" height="6"/>
	<SubTexture name="barVertical_white_mid.png" x="336" y="354" width="26" height="16"/>
	<SubTexture name="barVertical_white_top.png" x="78" y="500" width="26" height="6"/>
	<SubTexture name="barVertical_yellow_bottom.png" x="52" y="506" width="26" height="6"/>
	<SubTexture name="barVertical_yellow_mid.png" x="336" y="338" width="26" height="16"/>
	<SubTexture name="barVertical_yellow_top.png" x="52" y="500" width="26" height="6"/>
	<SubTexture name="crossair_black.png" x="300" y="468" width="32" height="32"/>
	<SubTexture name="crossair_blackOutline.png" x="300" y="400" width="36" height="36"/>
	<SubTexture name="crossair_blue.png" x="332" y="436" width="32" height="32"/>
	<SubTexture name="crossair_blueOutline.png" x="300" y="328" width="36" height="36"/>
	<SubTexture name="crossair_red.png" x="300" y="436" width="32" height="32"/>
	<SubTexture name="crossair_redOutline.png" x="300" y="364" width="36" height="36"/>
	<SubTexture name="crossair_white.png" x="332" y="468" width="32" height="32"/>
	<SubTexture name="crossair_whiteOutline.png" x="300" y="292" width="36" height="36"/>
	<SubTexture name="cursor_hand.png" x="336" y="292" width="30" height="30"/>
	<SubTexture name="cursor_pointer3D.png" x="380" y="212" width="20" height="24"/>
	<SubTexture name="cursor_pointer3D_shadow.png" x="364" y="450" width="20" height="27"/>
	<SubTexture name="cursor_pointerFlat.png" x="364" y="477" width="20" height="24"/>
	<SubTexture name="cursor_pointerFlat_shadow.png" x="366" y="292" width="20" height="27"/>
	<SubTexture name="dotBlue.png" x="362" y="322" width="24" height="24"/>
	<SubTexture name="dotGreen.png" x="364" y="426" width="24" height="24"/>
	<SubTexture name="dotRed.png" x="362" y="370" width="24" height="24"/>
	<SubTexture name="dotWhite.png" x="362" y="346" width="24" height="24"/>
	<SubTexture name="dotYellow.png" x="360" y="402" width="24" height="24"/>
	<SubTexture name="dot_shadow.png" x="336" y="402" width="24" height="24"/>
	<SubTexture name="glassPanel.png" x="0" y="0" width="100" height="100"/>
	<SubTexture name="glassPanel_cornerBL.png" x="0" y="100" width="100" height="100"/>
	<SubTexture name="glassPanel_cornerBR.png" x="0" y="200" width="100" height="100"/>
	<SubTexture name="glassPanel_cornerTL.png" x="200" y="400" width="100" height="100"/>
	<SubTexture name="glassPanel_cornerTR.png" x="300" y="0" width="100" height="100"/>
	<SubTexture name="glassPanel_corners.png" x="100" y="200" width="100" height="100"/>
	<SubTexture name="glassPanel_projection.png" x="200" y="300" width="100" height="100"/>
	<SubTexture name="glassPanel_tab.png" x="300" y="100" width="100" height="112"/>
	<SubTexture name="metalPanel.png" x="200" y="200" width="100" height="100"/>
	<SubTexture name="metalPanel_blue.png" x="200" y="100" width="100" height="100"/>
	<SubTexture name="metalPanel_blueCorner.png" x="200" y="0" width="100" height="100"/>
	<SubTexture name="metalPanel_green.png" x="100" y="400" width="100" height="100"/>
	<SubTexture name="metalPanel_greenCorner.png" x="100" y="300" width="100" height="100"/>
	<SubTexture name="metalPanel_plate.png" x="300" y="212" width="80" height="80"/>
	<SubTexture name="metalPanel_red.png" x="100" y="100" width="100" height="100"/>
	<SubTexture name="metalPanel_redCorner.png" x="100" y="0" width="100" height="100"/>
	<SubTexture name="metalPanel_yellow.png" x="0" y="400" width="100" height="100"/>
	<SubTexture name="metalPanel_yellowCorner.png" x="0" y="300" width="100" height="100"/>
	<SubTexture name="squareBlue.png" x="384" y="450" width="19" height="26"/>
	<SubTexture name="squareGreen.png" x="380" y="262" width="19" height="26"/>
	<SubTexture name="squareRed.png" x="384" y="394" width="19" height="26"/>
	<SubTexture name="squareWhite.png" x="384" y="476" width="19" height="26"/>
	<SubTexture name="squareYellow.png" x="380" y="236" width="19" height="26"/>
	<SubTexture name="square_shadow.png" x="386" y="288" width="19" height="26"/>
</TextureAtlas>