<TextureAtlas imagePath="sheet.png">
	<SubTexture name="arrowDown.png" x="0" y="1200" width="100" height="100"/>
	<SubTexture name="arrowLeft.png" x="0" y="1100" width="100" height="100"/>
	<SubTexture name="arrowRight.png" x="0" y="1000" width="100" height="100"/>
	<SubTexture name="arrowUp.png" x="0" y="900" width="100" height="100"/>
	<SubTexture name="audioOff.png" x="0" y="800" width="100" height="100"/>
	<SubTexture name="audioOn.png" x="0" y="700" width="100" height="100"/>
	<SubTexture name="barsHorizontal.png" x="0" y="600" width="100" height="100"/>
	<SubTexture name="barsVertical.png" x="0" y="500" width="100" height="100"/>
	<SubTexture name="button1.png" x="0" y="400" width="100" height="100"/>
	<SubTexture name="button2.png" x="0" y="300" width="100" height="100"/>
	<SubTexture name="button3.png" x="0" y="200" width="100" height="100"/>
	<SubTexture name="buttonA.png" x="0" y="100" width="100" height="100"/>
	<SubTexture name="buttonB.png" x="0" y="0" width="100" height="100"/>
	<SubTexture name="buttonL.png" x="200" y="1200" width="100" height="100"/>
	<SubTexture name="buttonL1.png" x="500" y="300" width="100" height="100"/>
	<SubTexture name="buttonL2.png" x="500" y="200" width="100" height="100"/>
	<SubTexture name="buttonR.png" x="500" y="100" width="100" height="100"/>
	<SubTexture name="buttonR1.png" x="500" y="0" width="100" height="100"/>
	<SubTexture name="buttonR2.png" x="400" y="1900" width="100" height="100"/>
	<SubTexture name="buttonSelect.png" x="400" y="1800" width="100" height="100"/>
	<SubTexture name="buttonStart.png" x="400" y="1700" width="100" height="100"/>
	<SubTexture name="buttonX.png" x="400" y="1600" width="100" height="100"/>
	<SubTexture name="buttonY.png" x="400" y="1500" width="100" height="100"/>
	<SubTexture name="checkmark.png" x="400" y="1400" width="100" height="100"/>
	<SubTexture name="contrast.png" x="400" y="1300" width="100" height="100"/>
	<SubTexture name="cross.png" x="400" y="1200" width="100" height="100"/>
	<SubTexture name="down.png" x="400" y="1100" width="100" height="100"/>
	<SubTexture name="downLeft.png" x="400" y="1000" width="100" height="100"/>
	<SubTexture name="downRight.png" x="400" y="900" width="100" height="100"/>
	<SubTexture name="exclamation.png" x="400" y="800" width="100" height="100"/>
	<SubTexture name="exit.png" x="400" y="700" width="100" height="100"/>
	<SubTexture name="exitLeft.png" x="400" y="600" width="100" height="100"/>
	<SubTexture name="exitRight.png" x="400" y="500" width="100" height="100"/>
	<SubTexture name="export.png" x="400" y="400" width="100" height="100"/>
	<SubTexture name="fastForward.png" x="400" y="300" width="100" height="100"/>
	<SubTexture name="gamepad.png" x="400" y="200" width="100" height="100"/>
	<SubTexture name="gamepad1.png" x="400" y="100" width="100" height="100"/>
	<SubTexture name="gamepad2.png" x="400" y="0" width="100" height="100"/>
	<SubTexture name="gamepad3.png" x="300" y="1900" width="100" height="100"/>
	<SubTexture name="gamepad4.png" x="300" y="1800" width="100" height="100"/>
	<SubTexture name="gear.png" x="300" y="1700" width="100" height="100"/>
	<SubTexture name="home.png" x="300" y="1600" width="100" height="100"/>
	<SubTexture name="import.png" x="300" y="1500" width="100" height="100"/>
	<SubTexture name="information.png" x="300" y="1400" width="100" height="100"/>
	<SubTexture name="joystick.png" x="300" y="1300" width="100" height="100"/>
	<SubTexture name="joystickLeft.png" x="300" y="1200" width="100" height="100"/>
	<SubTexture name="joystickRight.png" x="300" y="1100" width="100" height="100"/>
	<SubTexture name="joystickUp.png" x="300" y="1000" width="100" height="100"/>
	<SubTexture name="larger.png" x="300" y="900" width="100" height="100"/>
	<SubTexture name="leaderboardsComplex.png" x="300" y="800" width="100" height="100"/>
	<SubTexture name="leaderboardsSimple.png" x="300" y="700" width="100" height="100"/>
	<SubTexture name="left.png" x="300" y="600" width="100" height="100"/>
	<SubTexture name="locked.png" x="300" y="500" width="100" height="100"/>
	<SubTexture name="massiveMultiplayer.png" x="300" y="400" width="100" height="100"/>
	<SubTexture name="medal1.png" x="300" y="300" width="100" height="100"/>
	<SubTexture name="medal2.png" x="300" y="200" width="100" height="100"/>
	<SubTexture name="menuGrid.png" x="300" y="100" width="100" height="100"/>
	<SubTexture name="menuList.png" x="300" y="0" width="100" height="100"/>
	<SubTexture name="minus.png" x="200" y="1900" width="100" height="100"/>
	<SubTexture name="mouse.png" x="200" y="1800" width="100" height="100"/>
	<SubTexture name="movie.png" x="200" y="1700" width="100" height="100"/>
	<SubTexture name="multiplayer.png" x="200" y="1600" width="100" height="100"/>
	<SubTexture name="musicOff.png" x="200" y="1500" width="100" height="100"/>
	<SubTexture name="musicOn.png" x="200" y="1400" width="100" height="100"/>
	<SubTexture name="next.png" x="200" y="1300" width="100" height="100"/>
	<SubTexture name="open.png" x="500" y="400" width="100" height="100"/>
	<SubTexture name="pause.png" x="200" y="1100" width="100" height="100"/>
	<SubTexture name="phone.png" x="200" y="1000" width="100" height="100"/>
	<SubTexture name="plus.png" x="200" y="900" width="100" height="100"/>
	<SubTexture name="power.png" x="200" y="800" width="100" height="100"/>
	<SubTexture name="previous.png" x="200" y="700" width="100" height="100"/>
	<SubTexture name="question.png" x="200" y="600" width="100" height="100"/>
	<SubTexture name="return.png" x="200" y="500" width="100" height="100"/>
	<SubTexture name="rewind.png" x="200" y="400" width="100" height="100"/>
	<SubTexture name="right.png" x="200" y="300" width="100" height="100"/>
	<SubTexture name="save.png" x="200" y="200" width="100" height="100"/>
	<SubTexture name="scrollHorizontal.png" x="200" y="100" width="100" height="100"/>
	<SubTexture name="scrollVertical.png" x="200" y="0" width="100" height="100"/>
	<SubTexture name="share1.png" x="100" y="1900" width="100" height="100"/>
	<SubTexture name="share2.png" x="100" y="1800" width="100" height="100"/>
	<SubTexture name="shoppingBasket.png" x="100" y="1700" width="100" height="100"/>
	<SubTexture name="shoppingCart.png" x="100" y="1600" width="100" height="100"/>
	<SubTexture name="siganl1.png" x="100" y="1500" width="100" height="100"/>
	<SubTexture name="signal2.png" x="100" y="1400" width="100" height="100"/>
	<SubTexture name="signal3.png" x="100" y="1300" width="100" height="100"/>
	<SubTexture name="singleplayer.png" x="100" y="1200" width="100" height="100"/>
	<SubTexture name="smaller.png" x="100" y="1100" width="100" height="100"/>
	<SubTexture name="star.png" x="100" y="1000" width="100" height="100"/>
	<SubTexture name="stop.png" x="100" y="900" width="100" height="100"/>
	<SubTexture name="tablet.png" x="100" y="800" width="100" height="100"/>
	<SubTexture name="target.png" x="100" y="700" width="100" height="100"/>
	<SubTexture name="trashcan.png" x="100" y="600" width="100" height="100"/>
	<SubTexture name="trashcanOpen.png" x="100" y="500" width="100" height="100"/>
	<SubTexture name="trophy.png" x="100" y="400" width="100" height="100"/>
	<SubTexture name="unlocked.png" x="100" y="300" width="100" height="100"/>
	<SubTexture name="up.png" x="100" y="200" width="100" height="100"/>
	<SubTexture name="upLeft.png" x="100" y="100" width="100" height="100"/>
	<SubTexture name="upRight.png" x="100" y="0" width="100" height="100"/>
	<SubTexture name="video.png" x="0" y="1900" width="100" height="100"/>
	<SubTexture name="warning.png" x="0" y="1800" width="100" height="100"/>
	<SubTexture name="wrench.png" x="0" y="1700" width="100" height="100"/>
	<SubTexture name="zoom.png" x="0" y="1600" width="100" height="100"/>
	<SubTexture name="zoomDefault.png" x="0" y="1500" width="100" height="100"/>
	<SubTexture name="zoomIn.png" x="0" y="1400" width="100" height="100"/>
	<SubTexture name="zoomOut.png" x="0" y="1300" width="100" height="100"/>
</TextureAtlas>