<TextureAtlas imagePath="sheet.png">
	<SubTexture name="arrowDown.png" x="50" y="50" width="50" height="50"/>
	<SubTexture name="arrowLeft.png" x="50" y="0" width="50" height="50"/>
	<SubTexture name="arrowRight.png" x="0" y="450" width="50" height="50"/>
	<SubTexture name="arrowUp.png" x="0" y="400" width="50" height="50"/>
	<SubTexture name="audioOff.png" x="0" y="350" width="50" height="50"/>
	<SubTexture name="audioOn.png" x="0" y="300" width="50" height="50"/>
	<SubTexture name="backward.png" x="0" y="250" width="50" height="50"/>
	<SubTexture name="barsHorizontal.png" x="0" y="200" width="50" height="50"/>
	<SubTexture name="barsVertical.png" x="0" y="150" width="50" height="50"/>
	<SubTexture name="basket.png" x="0" y="100" width="50" height="50"/>
	<SubTexture name="button1.png" x="0" y="50" width="50" height="50"/>
	<SubTexture name="button2.png" x="0" y="0" width="50" height="50"/>
	<SubTexture name="button3.png" x="250" y="100" width="50" height="50"/>
	<SubTexture name="buttonA.png" x="500" y="150" width="50" height="50"/>
	<SubTexture name="buttonB.png" x="500" y="100" width="50" height="50"/>
	<SubTexture name="buttonL.png" x="500" y="50" width="50" height="50"/>
	<SubTexture name="buttonL1.png" x="500" y="0" width="50" height="50"/>
	<SubTexture name="buttonL2.png" x="450" y="450" width="50" height="50"/>
	<SubTexture name="buttonR.png" x="450" y="400" width="50" height="50"/>
	<SubTexture name="buttonR1.png" x="450" y="350" width="50" height="50"/>
	<SubTexture name="buttonR2.png" x="450" y="300" width="50" height="50"/>
	<SubTexture name="buttonSelect.png" x="450" y="250" width="50" height="50"/>
	<SubTexture name="buttonStart.png" x="450" y="200" width="50" height="50"/>
	<SubTexture name="buttonX.png" x="450" y="150" width="50" height="50"/>
	<SubTexture name="buttonY.png" x="450" y="100" width="50" height="50"/>
	<SubTexture name="cart.png" x="450" y="50" width="50" height="50"/>
	<SubTexture name="checkmark.png" x="450" y="0" width="50" height="50"/>
	<SubTexture name="contrast.png" x="400" y="450" width="50" height="50"/>
	<SubTexture name="cross.png" x="400" y="400" width="50" height="50"/>
	<SubTexture name="door.png" x="400" y="350" width="50" height="50"/>
	<SubTexture name="down.png" x="400" y="300" width="50" height="50"/>
	<SubTexture name="downLeft.png" x="400" y="250" width="50" height="50"/>
	<SubTexture name="downRight.png" x="400" y="200" width="50" height="50"/>
	<SubTexture name="exclamation.png" x="400" y="150" width="50" height="50"/>
	<SubTexture name="exitLeft.png" x="400" y="100" width="50" height="50"/>
	<SubTexture name="exitRight.png" x="400" y="50" width="50" height="50"/>
	<SubTexture name="export.png" x="400" y="0" width="50" height="50"/>
	<SubTexture name="fastForward.png" x="350" y="450" width="50" height="50"/>
	<SubTexture name="film.png" x="350" y="400" width="50" height="50"/>
	<SubTexture name="forward.png" x="350" y="350" width="50" height="50"/>
	<SubTexture name="gamepad.png" x="350" y="300" width="50" height="50"/>
	<SubTexture name="gamepad1.png" x="350" y="250" width="50" height="50"/>
	<SubTexture name="gamepad2.png" x="350" y="200" width="50" height="50"/>
	<SubTexture name="gamepad3.png" x="350" y="150" width="50" height="50"/>
	<SubTexture name="gamepad4.png" x="350" y="100" width="50" height="50"/>
	<SubTexture name="gear.png" x="350" y="50" width="50" height="50"/>
	<SubTexture name="home.png" x="350" y="0" width="50" height="50"/>
	<SubTexture name="import.png" x="300" y="450" width="50" height="50"/>
	<SubTexture name="information.png" x="300" y="400" width="50" height="50"/>
	<SubTexture name="joystick.png" x="300" y="350" width="50" height="50"/>
	<SubTexture name="joystickLeft.png" x="300" y="300" width="50" height="50"/>
	<SubTexture name="joystickRight.png" x="300" y="250" width="50" height="50"/>
	<SubTexture name="joystickUp.png" x="300" y="200" width="50" height="50"/>
	<SubTexture name="larger.png" x="300" y="150" width="50" height="50"/>
	<SubTexture name="leaderboardsComplex.png" x="300" y="100" width="50" height="50"/>
	<SubTexture name="leaderboardsSimple.png" x="300" y="50" width="50" height="50"/>
	<SubTexture name="locked.png" x="300" y="0" width="50" height="50"/>
	<SubTexture name="massiveMultiplayer.png" x="250" y="450" width="50" height="50"/>
	<SubTexture name="medal1.png" x="250" y="400" width="50" height="50"/>
	<SubTexture name="medal2.png" x="250" y="350" width="50" height="50"/>
	<SubTexture name="menuGrid.png" x="250" y="300" width="50" height="50"/>
	<SubTexture name="menuList.png" x="250" y="250" width="50" height="50"/>
	<SubTexture name="minus.png" x="250" y="200" width="50" height="50"/>
	<SubTexture name="mouse.png" x="250" y="150" width="50" height="50"/>
	<SubTexture name="multiplayer.png" x="500" y="200" width="50" height="50"/>
	<SubTexture name="musicOff.png" x="250" y="50" width="50" height="50"/>
	<SubTexture name="musicOn.png" x="250" y="0" width="50" height="50"/>
	<SubTexture name="next.png" x="200" y="450" width="50" height="50"/>
	<SubTexture name="open.png" x="200" y="400" width="50" height="50"/>
	<SubTexture name="pause.png" x="200" y="350" width="50" height="50"/>
	<SubTexture name="phone.png" x="200" y="300" width="50" height="50"/>
	<SubTexture name="plus.png" x="200" y="250" width="50" height="50"/>
	<SubTexture name="power.png" x="200" y="200" width="50" height="50"/>
	<SubTexture name="previous.png" x="200" y="150" width="50" height="50"/>
	<SubTexture name="question.png" x="200" y="100" width="50" height="50"/>
	<SubTexture name="return.png" x="200" y="50" width="50" height="50"/>
	<SubTexture name="rewind.png" x="200" y="0" width="50" height="50"/>
	<SubTexture name="save.png" x="150" y="450" width="50" height="50"/>
	<SubTexture name="scrollHorizontal.png" x="150" y="400" width="50" height="50"/>
	<SubTexture name="scrollVertical.png" x="150" y="350" width="50" height="50"/>
	<SubTexture name="share1.png" x="150" y="300" width="50" height="50"/>
	<SubTexture name="share2.png" x="150" y="250" width="50" height="50"/>
	<SubTexture name="signal1.png" x="150" y="200" width="50" height="50"/>
	<SubTexture name="signal2.png" x="150" y="150" width="50" height="50"/>
	<SubTexture name="signal3.png" x="150" y="100" width="50" height="50"/>
	<SubTexture name="singleplayer.png" x="150" y="50" width="50" height="50"/>
	<SubTexture name="smaller.png" x="150" y="0" width="50" height="50"/>
	<SubTexture name="star.png" x="100" y="450" width="50" height="50"/>
	<SubTexture name="stop.png" x="100" y="400" width="50" height="50"/>
	<SubTexture name="tablet.png" x="100" y="350" width="50" height="50"/>
	<SubTexture name="target.png" x="100" y="300" width="50" height="50"/>
	<SubTexture name="trashcan.png" x="100" y="250" width="50" height="50"/>
	<SubTexture name="trashcanOpen.png" x="100" y="200" width="50" height="50"/>
	<SubTexture name="trophy.png" x="100" y="150" width="50" height="50"/>
	<SubTexture name="unlocked.png" x="100" y="100" width="50" height="50"/>
	<SubTexture name="up.png" x="100" y="50" width="50" height="50"/>
	<SubTexture name="upLeft.png" x="100" y="0" width="50" height="50"/>
	<SubTexture name="upRight.png" x="50" y="450" width="50" height="50"/>
	<SubTexture name="video.png" x="50" y="400" width="50" height="50"/>
	<SubTexture name="warning.png" x="50" y="350" width="50" height="50"/>
	<SubTexture name="wrench.png" x="50" y="300" width="50" height="50"/>
	<SubTexture name="zoom.png" x="50" y="250" width="50" height="50"/>
	<SubTexture name="zoomDefault.png" x="50" y="200" width="50" height="50"/>
	<SubTexture name="zoomIn.png" x="50" y="150" width="50" height="50"/>
	<SubTexture name="zoomOut.png" x="50" y="100" width="50" height="50"/>
</TextureAtlas>